{
    "installed": {
        "CustomSupports": {
            "filename": "C:\\Users\\install\\AppData\\Local\\cura\\3.4\\cache\\cura_packages\\CustomSupports.curapackage",
            "package_info": {
                "author": {
                    "author_id": "lokster",
                    "display_name": "lokster",
                    "email": "lokiisyourmaster@gmail.com",
                    "website": "http://lokspace.eu"
                },
                "description": "Create custom supports.",
                "display_name": "Custom Supports",
                "is_active": true,
                "is_bundled": false,
                "is_installed": false,
                "package_id": "CustomSupports",
                "package_type": "plugin",
                "package_version": "0.0.1",
                "sdk_version": 4,
                "tags": [
                    "plugin"
                ],
                "website": "http://lokspace.eu/cura-custom-supports-plugin/"
            }
        },
        "FreeCADIntegration": {
            "filename": "C:\\Users\\install\\AppData\\Local\\cura\\3.4\\cache\\cura_packages\\FreeCADIntegration.curapackage",
            "package_info": {
                "author": {
                    "author_id": "thopiekar",
                    "display_name": "Thomas Karl Pietrowski",
                    "email": "thopiekar@gmail.com",
                    "website": "https://github.com/thopiekar"
                },
                "description": "Help to open FreeCAD files directly in Cura.",
                "display_name": "FreeCAD Integration",
                "is_active": true,
                "is_bundled": false,
                "is_installed": false,
                "package_id": "FreeCADIntegration",
                "package_type": "plugin",
                "package_version": "0.1.1",
                "sdk_version": 4,
                "tags": [
                    "plugin",
                    "freecad",
                    "integration",
                    "workflow",
                    "cad",
                    "cam"
                ],
                "website": "https://thopiekar.eu/cura/plugins/cad/freecad/"
            }
        },
        "ZOffsetPlugin": {
            "filename": "C:\\Users\\install\\AppData\\Local\\cura\\3.4\\cache\\cura_packages\\ZOffsetPlugin.curapackage",
            "package_info": {
                "author": {
                    "author_id": "fieldOfView",
                    "display_name": "fieldOfView",
                    "website": "https://github.com/fieldofview"
                },
                "description": "Adds a Z Offset setting to change the distance between the nozzle and the buildplate.",
                "display_name": "Z Offset Setting",
                "package_id": "ZOffsetPlugin",
                "package_type": "plugin",
                "package_version": "3.2.1",
                "sdk_version": 4,
                "tags": [
                    "plugin",
                    "z",
                    "offset"
                ],
                "website": "https://github.com/fieldOfView/ZOffsetPlugin"
            }
        }
    },
    "to_install": {},
    "to_remove": [],
    "version": 1
}